<ImportExportXml xmlns:xsi="http://www.w3.org/2001/XMLSchema-instance">
  <Entities></Entities>
  <Roles></Roles>
  <Workflows></Workflows>
  <FieldSecurityProfiles></FieldSecurityProfiles>
  <Templates />
  <EntityMaps />
  <EntityRelationships />
  <OrganizationSettings />
  <optionsets />
  <CustomControls />
  <AppModuleSiteMaps>
    <AppModuleSiteMap>
      <SiteMapUniqueName>tec_MonerisPaymentsList</SiteMapUniqueName>
      <EnableCollapsibleGroups>False</EnableCollapsibleGroups>
      <ShowHome>True</ShowHome>
      <ShowPinned>True</ShowPinned>
      <ShowRecents>True</ShowRecents>
      <SiteMap IntroducedVersion="7.0.0.0">
        <Area Id="NewArea_3c024200" ResourceId="SitemapDesigner.NewTitle" DescriptionResourceId="SitemapDesigner.NewTitle" ShowGroups="true" IntroducedVersion="7.0.0.0">
          <Titles>
            <Title LCID="1033" Title="Area1" />
          </Titles>
          <Group Id="NewGroup_926710e7" ResourceId="SitemapDesigner.NewGroup" DescriptionResourceId="SitemapDesigner.NewGroup" IntroducedVersion="7.0.0.0" IsProfile="false" ToolTipResourseId="SitemapDesigner.Unknown">
            <Titles>
              <Title LCID="1033" Title="Payments" />
            </Titles>
            <SubArea Id="NewSubarea_5028fc79" Icon="/_imgs/imagestrips/transparent_spacer.gif" Entity="tec_monerispayment" Client="All,Outlook,OutlookLaptopClient,OutlookWorkstationClient,Web" AvailableOffline="true" PassParams="false" Sku="All,OnPremise,Live,SPLA" />
          </Group>
        </Area>
      </SiteMap>
      <LocalizedNames>
        <LocalizedName description="Moneris Payments List" languagecode="1033" />
      </LocalizedNames>
    </AppModuleSiteMap>
  </AppModuleSiteMaps>
  <AppModules>
    <AppModule>
      <UniqueName>tec_MonerisPaymentsList</UniqueName>
      <IntroducedVersion>1.0.0.0</IntroducedVersion>
      <WebResourceId>953b9fac-1e5e-e611-80d6-00155ded156f</WebResourceId>
      <OptimizedFor></OptimizedFor>
      <statecode>0</statecode>
      <statuscode>1</statuscode>
      <FormFactor>1</FormFactor>
      <ClientType>4</ClientType>
      <NavigationType>0</NavigationType>
      <AppModuleComponents>
        <AppModuleComponent type="1" schemaName="tec_monerispayment" />
        <AppModuleComponent type="26" id="{0b0b5652-b862-ec11-8f8f-00224811ca4f}" />
        <AppModuleComponent type="26" id="{e706253f-0a5e-4326-892e-1db43da276f0}" />
        <AppModuleComponent type="62" schemaName="tec_MonerisPaymentsList" />
      </AppModuleComponents>
      <AppModuleRoleMaps>
        <Role id="{627090ff-40a3-4053-8790-584edc5be201}" />
        <Role id="{119f245c-3cc8-4b62-b31c-d1a046ced15d}" />
      </AppModuleRoleMaps>
      <LocalizedNames>
        <LocalizedName description="Moneris Payments List" languagecode="1033" />
      </LocalizedNames>
    </AppModule>
  </AppModules>
  <EntityDataProviders />
  <CanvasApps>
    <CanvasApp>
      <Name>tec_monerispaymentdemo2_bfddd</Name>
      <AppVersion>2022-01-18T03:34:24Z</AppVersion>
      <Status>Ready</Status>
      <CreatedByClientVersion>3.21123.25.0</CreatedByClientVersion>
      <MinClientVersion>3.21123.25.0</MinClientVersion>
      <Tags>{"primaryDeviceWidth":"1366","primaryDeviceHeight":"768","sienaVersion":"69138b35-3376-41c8-b64b-1bc324713e85","deviceCapabilities":"","supportsPortrait":"true","supportsLandscape":"true","primaryFormFactor":"Tablet","publisherVersion":"3.21123.25","minimumRequiredApiVersion":"2.2.0","hasComponent":"false","hasUnlockedComponent":"false","isUnifiedRootApp":"false"}</Tags>
      <IsCdsUpgraded>0</IsCdsUpgraded>
      <GalleryItemId xsi:nil="true"></GalleryItemId>
      <BackgroundColor>rgba(250, 155, 112, 1)</BackgroundColor>
      <DisplayName>Moneris Payment Demo</DisplayName>
      <Description>Sample app to demonstrate use of Moneris payment PCF component</Description>
      <CommitMessage xsi:nil="true"></CommitMessage>
      <Publisher xsi:nil="true"></Publisher>
      <AuthorizationReferences>[]</AuthorizationReferences>
      <ConnectionReferences>{"7e86544f-928d-443b-9a7e-a8df0e0042f6":{"id":"/providers/microsoft.powerapps/apis/shared_logicflows","displayName":"Logic flows","iconUri":"https://connectoricons-prod.azureedge.net/releases/v1.0.1534/1.0.1534.2605/logicflows/icon.png","dataSources":["ProcessPayment"],"dependencies":["38a5dc9e-ac6c-4cf1-b140-32ae1522b624"],"dependents":[],"parameterHints":{"workflowName":{"value":"eed3eeaf-8a21-4279-9eb5-5e58921ab80d"},"workflowEntityId":{"value":"f7160a6b-b760-ec11-8f8f-000d3ad03cbf"},"38a5dc9e-ac6c-4cf1-b140-32ae1522b624":{"value":"shared_commondataserviceforapps"}},"parameterHintsV2":{"workflowName":{"value":"eed3eeaf-8a21-4279-9eb5-5e58921ab80d"},"workflowEntityId":{"value":"f7160a6b-b760-ec11-8f8f-000d3ad03cbf"},"shared_commondataserviceforapps":{"value":"38a5dc9e-ac6c-4cf1-b140-32ae1522b624"}},"isOnPremiseConnection":false,"bypassConsent":false,"dataSets":{},"apiTier":"Standard","actions":["Run"]},"38a5dc9e-ac6c-4cf1-b140-32ae1522b624":{"id":"/providers/microsoft.powerapps/apis/shared_commondataserviceforapps","displayName":"Microsoft Dataverse","iconUri":"https://connectoricons-prod.azureedge.net/releases/v1.0.1513/1.0.1513.2549/commondataserviceforapps/icon.png","dataSources":[],"dependencies":[],"dependents":["7e86544f-928d-443b-9a7e-a8df0e0042f6"],"parameterHints":{},"parameterHintsV2":{},"isOnPremiseConnection":false,"bypassConsent":false,"dataSets":{},"apiTier":"Premium"}}</ConnectionReferences>
      <DatabaseReferences>{"default.cds":{"databaseDetails":{"referenceType":"Environmental","environmentName":"default.cds","overrideValues":{"status":"NotSpecified"}},"dataSources":{},"components":[{"componentName":"CustomControl","identifier":"tec_Technomancy.MonerisPCF","identifierType":"LogicalName","capabilities":{"pcfExternalServiceUsageAllowed":false}}]}}</DatabaseReferences>
      <AppComponents>[]</AppComponents>
      <AppComponentDependencies>[]</AppComponentDependencies>
      <CanConsumeAppPass>1</CanConsumeAppPass>
      <CanvasAppType>0</CanvasAppType>
      <BypassConsent>0</BypassConsent>
      <AdminControlBypassConsent>0</AdminControlBypassConsent>
      <EmbeddedApp xsi:nil="true"></EmbeddedApp>
      <IntroducedVersion>1.0</IntroducedVersion>
      <CdsDependencies>{"cdsdependencies":[{"dependencyid":"","logicalname":"tec_Technomancy.MonerisPCF","componenttype":66,"componenttypeplatformname":"CustomControl"}]}</CdsDependencies>
      <IsCustomizable>1</IsCustomizable>
      <BackgroundImageUri>/CanvasApps/tec_monerispaymentdemo2_bfddd_BackgroundImageUri</BackgroundImageUri>
      <DocumentUri>/CanvasApps/tec_monerispaymentdemo2_bfddd_DocumentUri.msapp</DocumentUri>
    </CanvasApp>
  </CanvasApps>
  <Languages>
    <Language>1033</Language>
  </Languages>
</ImportExportXml>