<ImportExportXml version="9.2.22013.136" SolutionPackageVersion="9.2" languagecode="1033" generatedBy="CrmLive" xmlns:xsi="http://www.w3.org/2001/XMLSchema-instance">
  <SolutionManifest>
    <UniqueName>MonerisPCFDemo</UniqueName>
    <LocalizedNames>
      <LocalizedName description="Moneris PCF Demo" languagecode="1033" />
    </LocalizedNames>
    <Descriptions />
    <Version>1.0.0.13</Version>
    <Managed>0</Managed>
    <Publisher>
      <UniqueName>Technomancy</UniqueName>
      <LocalizedNames>
        <LocalizedName description="Technomancy" languagecode="1033" />
      </LocalizedNames>
      <Descriptions />
      <EMailAddress xsi:nil="true"></EMailAddress>
      <SupportingWebsiteUrl xsi:nil="true"></SupportingWebsiteUrl>
      <CustomizationPrefix>tec</CustomizationPrefix>
      <CustomizationOptionValuePrefix>10000</CustomizationOptionValuePrefix>
      <Addresses>
        <Address>
          <AddressNumber>1</AddressNumber>
          <AddressTypeCode>1</AddressTypeCode>
          <City xsi:nil="true"></City>
          <County xsi:nil="true"></County>
          <Country xsi:nil="true"></Country>
          <Fax xsi:nil="true"></Fax>
          <FreightTermsCode xsi:nil="true"></FreightTermsCode>
          <ImportSequenceNumber xsi:nil="true"></ImportSequenceNumber>
          <Latitude xsi:nil="true"></Latitude>
          <Line1 xsi:nil="true"></Line1>
          <Line2 xsi:nil="true"></Line2>
          <Line3 xsi:nil="true"></Line3>
          <Longitude xsi:nil="true"></Longitude>
          <Name xsi:nil="true"></Name>
          <PostalCode xsi:nil="true"></PostalCode>
          <PostOfficeBox xsi:nil="true"></PostOfficeBox>
          <PrimaryContactName xsi:nil="true"></PrimaryContactName>
          <ShippingMethodCode>1</ShippingMethodCode>
          <StateOrProvince xsi:nil="true"></StateOrProvince>
          <Telephone1 xsi:nil="true"></Telephone1>
          <Telephone2 xsi:nil="true"></Telephone2>
          <Telephone3 xsi:nil="true"></Telephone3>
          <TimeZoneRuleVersionNumber xsi:nil="true"></TimeZoneRuleVersionNumber>
          <UPSZone xsi:nil="true"></UPSZone>
          <UTCOffset xsi:nil="true"></UTCOffset>
          <UTCConversionTimeZoneCode xsi:nil="true"></UTCConversionTimeZoneCode>
        </Address>
        <Address>
          <AddressNumber>2</AddressNumber>
          <AddressTypeCode>1</AddressTypeCode>
          <City xsi:nil="true"></City>
          <County xsi:nil="true"></County>
          <Country xsi:nil="true"></Country>
          <Fax xsi:nil="true"></Fax>
          <FreightTermsCode xsi:nil="true"></FreightTermsCode>
          <ImportSequenceNumber xsi:nil="true"></ImportSequenceNumber>
          <Latitude xsi:nil="true"></Latitude>
          <Line1 xsi:nil="true"></Line1>
          <Line2 xsi:nil="true"></Line2>
          <Line3 xsi:nil="true"></Line3>
          <Longitude xsi:nil="true"></Longitude>
          <Name xsi:nil="true"></Name>
          <PostalCode xsi:nil="true"></PostalCode>
          <PostOfficeBox xsi:nil="true"></PostOfficeBox>
          <PrimaryContactName xsi:nil="true"></PrimaryContactName>
          <ShippingMethodCode>1</ShippingMethodCode>
          <StateOrProvince xsi:nil="true"></StateOrProvince>
          <Telephone1 xsi:nil="true"></Telephone1>
          <Telephone2 xsi:nil="true"></Telephone2>
          <Telephone3 xsi:nil="true"></Telephone3>
          <TimeZoneRuleVersionNumber xsi:nil="true"></TimeZoneRuleVersionNumber>
          <UPSZone xsi:nil="true"></UPSZone>
          <UTCOffset xsi:nil="true"></UTCOffset>
          <UTCConversionTimeZoneCode xsi:nil="true"></UTCConversionTimeZoneCode>
        </Address>
      </Addresses>
    </Publisher>
    <RootComponents>
      <RootComponent type="62" schemaName="tec_MonerisPaymentsList" behavior="0" />
      <RootComponent type="80" schemaName="tec_MonerisPaymentsList" behavior="0" />
      <RootComponent type="300" schemaName="tec_monerispaymentdemo2_bfddd" behavior="0" />
    </RootComponents>
    <MissingDependencies>
      <MissingDependency>
        <Required type="1" schemaName="tec_monerispayment" displayName="Moneris Payment" solution="Active" />
        <Dependent type="62" schemaName="tec_MonerisPaymentsList" />
      </MissingDependency>
      <MissingDependency>
        <Required type="1" schemaName="tec_monerispayment" displayName="Moneris Payment" solution="Active" />
        <Dependent type="80" schemaName="tec_MonerisPaymentsList" displayName="Moneris Payments List" />
      </MissingDependency>
      <MissingDependency>
        <Required type="26" schemaName="Approved Moneris Payments" displayName="Approved Moneris Payments" parentSchemaName="tec_monerispayment" parentDisplayName="Moneris Payment" solution="Active" id="{0b0b5652-b862-ec11-8f8f-00224811ca4f}" />
        <Dependent type="80" schemaName="tec_MonerisPaymentsList" displayName="Moneris Payments List" />
      </MissingDependency>
      <MissingDependency>
        <Required type="26" schemaName="All Active Moneris Payments" displayName="All Active Moneris Payments" parentSchemaName="tec_monerispayment" parentDisplayName="Moneris Payment" solution="Active" id="{e706253f-0a5e-4326-892e-1db43da276f0}" />
        <Dependent type="80" schemaName="tec_MonerisPaymentsList" displayName="Moneris Payments List" />
      </MissingDependency>
      <MissingDependency>
        <Required type="61" schemaName="msdyn_/Images/AppModule_Default_Icon.png" displayName="msdyn_/Images/AppModule_Default_Icon.png" solution="AppModuleWebResources (2.5)" />
        <Dependent type="80" schemaName="tec_MonerisPaymentsList" displayName="Moneris Payments List" />
      </MissingDependency>
      <MissingDependency>
        <Required type="66" schemaName="tec_Technomancy.MonerisPCF" displayName="tec_Technomancy.MonerisPCF" solution="Active" />
        <Dependent type="300" schemaName="tec_monerispaymentdemo2_bfddd" displayName="Moneris Payment Demo" />
      </MissingDependency>
    </MissingDependencies>
  </SolutionManifest>
</ImportExportXml>